task_id,meta_title,meta_description,product_description,validation_error,raw_content
task-0,3M Weatherstrip Adhesive Black for Classic MOPAR Cars,High-strength 3M Weatherstrip Adhesive Black ensures a durable bond for weatherstripping on vintage MOPAR cars. Perfect for restoration projects.,"<p>Ensure your classic MOPAR car restoration project is sealed against the elements with <strong>3M Weatherstrip Adhesive Black</strong>. This high-strength adhesive offers a durable bond, specifically designed for weatherstripping applications. Perfect for owners of vintage 1928-1932 MOPAR cars and beyond, this adhesive is a must-have for your automotive restoration needs.</p>
<ul>
<li>Exclusive <strong>3M Brand Black Weatherstrip Adhesive</strong> formula.</li>
<li>Designed for a wide range of MOPAR cars, from 1928 to 1932 models and more.</li>
<li>Ensures a durable, long-lasting seal.</li>
</ul>
<p><strong>Technical Specifications:</strong></p>
<ul>
<li>SKU: A-100</li>
<li>MPN: 3M0-08011 (super) or 3m-08008</li>
<li>Product Type: Weatherstrip Adhesive Black</li>
</ul>
<p><a href='#'>Buy now</a> to protect your classic MOPAR car with the reliability of 3M!</p>",,
task-1,,,,"1 validation error for ProductSEOOutput
meta_title
  String should have at most 60 characters [type=string_too_long, input_value='Molded Cowl Vent Gasket ...Chryslers - Perfect Fit', input_type=str]
    For further information visit https://errors.pydantic.dev/2.10/v/string_too_long","{'meta_title': 'Molded Cowl Vent Gasket for 1936-1937 Chryslers - Perfect Fit', 'meta_description': 'Upgrade your classic Chrysler with a high-quality reproduction cowl vent gasket. Designed for a perfect fit, ensuring your vehicle stays weatherproof.', 'product_description': ""<h1>Molded Cowl Vent Gasket - High-Quality Reproduction</h1>\n<p>Preserve the integrity and originality of your vintage Chrysler with our precisely molded cowl vent gasket. This beautiful reproduction of the original Mopar number 742408 is the perfect solution to ensure your vehicle remains weatherproof and retains its classic aesthetic appeal. Crafted with attention to detail, our gasket is designed for an exact fit, mirroring the original specifications to ensure your classic car stays authentic and protected against the elements.</p>\n<ul>\n<li>Molded cowl rubber gasket, an exceptional reproduction of the original Mopar number 742408.</li>\n<li>Engineered for a perfect fit, ensuring optimal weatherstripping.</li>\n<li><strong>Note:</strong> Does not fit Airflow models, ensuring specificity for your classic Chrysler.</li>\n</ul>\n<h2>Specifications</h2>\n<ul>\n<li>SKU: A-216</li>\n<li>MPN: 40-0225-54</li>\n<li>Product Type: Cowl Vent Gasket</li>\n</ul>\n<h2>Vehicle Compatibility</h2>\n<p>Compatible with a wide range of Chrysler models from 1936 and 1937, including but not limited to Chrysler Airstream Deluxe Series C-8, Airstream Series C-7, Custom, Imperial, and Imperial Custom.</p>\n<p><strong>Call to Action:</strong> Restore your classic Chrysler to its former glory with our high-quality molded cowl vent gasket. <a href='#'>Order now</a> to ensure your vintage vehicle remains pristine and protected.</p>""}"
task-2,Premium Head Gasket for Chrysler V8 1951-54 | $55,"Seal your engine the right way with our Head Gasket for Chrysler V8 '51-'54. Durable, reliable, and priced at just $55. Perfect fit guaranteed.","<h2>Ensure Peak Engine Performance with Our Top-Quality Head Gasket</h2>
<p>Designed specifically for the 1951-54 Chrysler V8 and Imperial models, our head gasket guarantees a perfect seal to maintain your engine's integrity and performance. Priced at an affordable $55, it's the smart choice for your classic vehicle. Remember, your engine requires two, so secure your engine’s future today.</p>
<ul>
<li>Exact fit for 1951-54 Chrysler V8 and Imperial models</li>
<li>Durable construction ensures longevity and performance</li>
<li>SKU: LV8-811, MPN: 565G for easy reference</li>
<li>Engineered for reliability under high temperatures and pressures</li>
<li>Price per gasket, with each engine needing two for complete replacement</li>
</ul>
<p><strong>Technical Specifications:</strong></p>
<ul>
<li>Product Type: Head Gasket</li>
<li>SKU: LV8-811</li>
<li>MPN: 565G</li>
</ul>
<p>Compatible with a range of vehicles, including the 1951-54 Chrysler Imperial, New Yorker, and Saratoga, among others, this head gasket is your go-to solution for engine maintenance and repair.</p>
<p><a href='#' style='color: #007bff; text-decoration: none;'><strong>Buy Now</strong></a> to secure the health of your engine with a head gasket trusted by professionals.</p>",,
task-3,1955 V8 Engine Head Gasket for Plymouth & Dodge - $48.5,"Premium Head Gasket for 1955 Plymouth & Dodge V8. Perfect fit, durable design. Enhance your engine's performance. Buy now for $48.5!","<h2>Optimize Your Engine's Performance with Our Premium Head Gasket</h2>
<p>Engineered for the 1955 Plymouth and Dodge V8 models, our head gasket guarantees a perfect fit and unparalleled durability. Whether you're restoring a classic or ensuring your vehicle runs smoothly, this head gasket is the ideal choice for your engine. Priced at just $48.5, it's an investment in your vehicle's future.</p>
<ul>
<li>Designed specifically for 1955 Plymouth and Dodge V8 engines.</li>
<li>Ensures a tight seal to prevent engine leaks.</li>
<li>Each engine requires two gaskets; sold per unit.</li>
<li>Manufactured with precision for reliability and performance.</li>
</ul>
<h3>Technical Specifications</h3>
<ul>
<li>SKU: LV8-816</li>
<li>MPN: 629G</li>
<li>Product Type: Head Gasket</li>
<li>Compatibility: 1955 Plymouth Belvedere, Plaza, Savoy, Suburban; 1955 Dodge car V8 all models</li>
</ul>
<p><strong>Upgrade your engine today</strong> with our high-quality head gasket and enjoy a smooth, efficient driving experience. <a href='#'>Order now!</a></p>",,
task-4,,,,"1 validation error for ProductSEOOutput
meta_title
  String should have at most 60 characters [type=string_too_long, input_value='Premium Head Gasket for ... - Fits Multiple Models', input_type=str]
    For further information visit https://errors.pydantic.dev/2.10/v/string_too_long","{'meta_title': 'Premium Head Gasket for Classic Engines - Fits Multiple Models', 'meta_description': ""Ensure your engine's longevity with our durable head gasket, fitting a wide range of classic cars from 1956-66. Perfect for restoration projects."", 'product_description': ""<h2>Revitalize Your Classic Car's Engine</h2>\n<p>Bring your classic car back to its former glory with our premium head gasket, specifically designed for a wide range of engines from 1956 to 1966. Perfect for enthusiasts and professionals alike, this head gasket ensures a perfect fit and superior performance for your restoration project.</p>\n<ul>\n<li>Fits 1956 Plymouth 277 and 1957-66 models with 301, 303, 313, 318, or 326 engines</li>\n<li>Compatible with 1956-58 Dodge Poly V8 engines and 1959-66 models</li>\n<li>Exclusive choice for 1957 DeSoto FIRESWEEP</li>\n<li>Each engine requires two head gaskets - priced per gasket for convenience</li>\n</ul>\n<h3>Technical Specifications</h3>\n<ul>\n<li>SKU: LV8-817</li>\n<li>MPN: 579G</li>\n<li>Product Type: Head Gasket</li>\n</ul>\n<p><strong>Don't miss out on the opportunity to enhance your classic car's engine performance. <a href='#'>Buy now</a> and take the first step towards a flawless restoration.</strong></p>""}"
task-5,Premium Head Gasket for 1956-58 Dodge & Plymouth - $48.5,"Ensure your engine's peak performance with our high-quality Head Gasket for specific 1956-58 Dodge & Plymouth models. Durable, reliable, must-have.","<p>Upgrade your vehicle's engine performance with our <strong>Premium Head Gasket</strong>, specifically designed for select <strong>1956-58 Dodge and Plymouth</strong> models. Engineered for durability and reliability, our head gasket is the ideal choice for your engine maintenance or rebuild projects.</p>
<ul>
<li>Perfect fit for <strong>1956 Plymouth 270</strong> (excludes 277) and <strong>1956-58 Dodge Hemi models</strong>.</li>
<li>Priced per gasket, note that each engine requires two head gaskets for a complete replacement.</li>
</ul>
<p><strong>Specifications:</strong></p>
<ul>
<li>SKU: LV8-818</li>
<li>MPN: 580G</li>
<li>Product Type: Head Gasket</li>
</ul>
<p>Compatible with a range of vehicles, including <strong>1956 Dodge Coronet, Custom, Lancer, Royal, Sierra</strong>, and more.</p>
<p><strong>Don't compromise on quality</strong> - ensure your engine runs smoothly with our high-quality head gasket. <a href='#'>Order now</a> and get your engine back to its optimal performance!</p>",,
task-6,Premium Head Gasket for Chrysler Windsor & Saratoga 1955-58,"Ensure your engine's peak performance with our durable head gasket fitting Chrysler Windsor & Saratoga 1955-58. Perfect seal, unmatched quality.","<h1>High-Quality Head Gasket for Chrysler Windsor & Saratoga 1955-58</h1>
<p>Maximize the performance and longevity of your engine with our top-tier head gasket, designed exclusively for Chrysler Windsor and Saratoga models from 1955 to 1958. Crafted with precision to ensure a perfect seal and superior durability, this head gasket is the ideal choice for your classic Chrysler vehicle.</p>
<ul>
<li>Specifically fits 1955-57 Chrysler Windsor, 1958 Chrysler Windsor 3852, and 1958 Chrysler Saratoga.</li>
<li>Each engine requires two head gaskets - price listed per gasket for easy ordering.</li>
<li>Engineered for durability and perfect sealing to prevent leaks and enhance performance.</li>
</ul>
<h2>Technical Specifications</h2>
<ul>
<li>SKU: LV8-819</li>
<li>MPN: 736SA</li>
<li>Product Type: Head Gasket</li>
<li>Compatibility: Fits 1955-58 Chrysler Windsor & Saratoga models, plus more.</li>
</ul>
<p><strong>Don't compromise on quality.</strong> Ensure your vehicle's engine operates at its best with our premium head gasket. <a href='#'>Order now</a> to take the first step towards optimal engine performance.</p>",,
task-7,,,,"1 validation error for ProductSEOOutput
meta_title
  String should have at most 60 characters [type=string_too_long, input_value='Premium Oil Pan Gasket S...r & Imperial V8 1951-54', input_type=str]
    For further information visit https://errors.pydantic.dev/2.10/v/string_too_long","{'meta_title': 'Premium Oil Pan Gasket Set for Chrysler & Imperial V8 1951-54', 'meta_description': ""Ensure your engine's longevity with our Oil Pan Gasket Set for 1951-54 Chrysler & Imperial V8 models. High-quality, made in the USA. Fits perfectly."", 'product_description': ""<p>Keep your engine protected and maintain its performance with our <strong>Premium Oil Pan Gasket Set</strong>, specifically designed for all 1951-54 Chrysler &amp; Imperial V8 models. Manufactured with precision in the USA, this gasket set offers a perfect fit and superior durability.</p>\n<ul>\n<li>Designed to fit all 1951-54 Chrysler &amp; Imperial V8 models</li>\n<li>Manufactured in the USA for unmatched quality</li>\n<li>Ensures a leak-free seal between the engine block and oil pan</li>\n<li>Easy to install, providing a hassle-free replacement</li>\n</ul>\n<p><strong>Specifications:</strong></p>\n<ul>\n<li>SKU: LV8-820</li>\n<li>MPN: 22046E</li>\n<li>Product Type: Oil Pan Gasket Set</li>\n</ul>\n<p>Compatible with a wide range of vehicles including 1951_Chrysler_Imperial, 1951_Chrysler_New Yorker, 1951_Chrysler_Saratoga, 1952_Chrysler_Imperial, 1952_Chrysler_New Yorker, and more. Ensure your vehicle’s engine integrity and performance with this essential component.</p>\n<p><a href='#'>Buy now</a> to give your engine the protection it deserves.</p>""}"
task-8,,,,"1 validation error for ProductSEOOutput
meta_title
  String should have at most 60 characters [type=string_too_long, input_value='DeSoto Oil Pan Gasket Se...gh-Quality Reproduction', input_type=str]
    For further information visit https://errors.pydantic.dev/2.10/v/string_too_long","{'meta_title': 'DeSoto Oil Pan Gasket Set 1952-57 - High-Quality Reproduction', 'meta_description': 'Get the perfect fit for your 1952-57 DeSoto engine with our reproduction oil pan gasket set. Made in the USA for precision and durability. Shop now!', 'product_description': ""<h2>Keep Your Engine Sealed with Our Oil Pan Gasket Set</h2>\n<p>Ensure a perfect seal and prevent oil leaks in your classic DeSoto with our reproduction Oil Pan Gasket Set. Designed specifically for 1952-57 models, excluding the 1957 Firesweep, this gasket set offers an exact fit and superior quality, all made in the USA.</p>\n<ul>\n<li>Exact reproduction fitting all 1952-57 DeSoto models, excluding 1957 Firesweep.</li>\n<li>Made in the USA for unmatched quality and precision.</li>\n<li>Perfect for restoration projects and engine maintenance.</li>\n<li>Easy to install with a flawless fit.</li>\n</ul>\n<h3>Technical Specifications</h3>\n<ul>\n<li>SKU: LV8-821</li>\n<li>MPN: 21051</li>\n<li>Product Type: Oil Pan Gasket Set</li>\n<li>Price: $24.5</li>\n</ul>\n<h3>Vehicle Compatibility</h3>\n<p>Compatible with a broad range of 1952-57 DeSoto vehicles, including the Firedome and Fireflite models. This set ensures your classic car maintains its integrity and performance.</p>\n<a href='#' style='color: #007bff; text-decoration: none; font-weight: bold;'>Add to Cart</a> to seal the deal on your engine's longevity and performance!""}"
task-9,Premium Oil Pan Gasket Set for Classic Dodge & Plymouth,"Get the perfect fit for your classic car with our Oil Pan Gasket Set. Designed for 1956-1958 Dodge, Plymouth, Desoto with 270, 315, 326 c.i.d engines.","<h2>Restore Your Engine's Performance with Our Oil Pan Gasket Set</h2>
<p>Bring your classic Dodge, Plymouth, or Desoto engine back to its former glory with our premium Oil Pan Gasket Set. Specifically designed for the 270, 315, 326 c.i.d Poly engines of 1956-1958 models, this reproduction gasket set ensures a perfect fit and optimal sealing to prevent oil leaks and maintain engine efficiency.</p>
<ul>
<li>Perfect reproduction fit for <strong>1956-1958 Dodge, Plymouth, Desoto</strong> models.</li>
<li>Compatible with <strong>270, 315, 326 c.i.d Poly engines</strong>.</li>
<li>Comprehensive vehicle compatibility, including the 1953 Dodge Coronet, Meadowbrook, 1954 Dodge Royal, and more.</li>
<li>SKU: LV8-822, MPN: 21010, ensuring you receive the exact product for your vehicle's needs.</li>
</ul>
<h3>Technical Specifications</h3>
<p>Product Type: Oil Pan Gasket Set<br>SKU: LV8-822<br>MPN: 21010</p>
<p><strong>Don't let oil leaks slow you down.</strong> Upgrade your classic car with our Oil Pan Gasket Set today and ensure your engine runs smoothly for years to come. <a href='#'>Order Now!</a></p>",,
task-10,,,,"2 validation errors for ProductSEOOutput
meta_title
  String should have at most 60 characters [type=string_too_long, input_value='Oil Pan Gasket Set for C...l 1955-58 | Made in USA', input_type=str]
    For further information visit https://errors.pydantic.dev/2.10/v/string_too_long
meta_description
  String should have at most 160 characters [type=string_too_long, input_value='Seal your engine right w...w for peak performance!', input_type=str]
    For further information visit https://errors.pydantic.dev/2.10/v/string_too_long","{'meta_title': 'Oil Pan Gasket Set for Chrysler & Imperial 1955-58 | Made in USA', 'meta_description': 'Seal your engine right with our Oil Pan Gasket Set for 1955-58 Chrysler & Imperial models. Durable, precise fit & made in the USA. Shop now for peak performance!', 'product_description': ""<p>Ensure your engine's longevity and efficiency with our high-quality <strong>Oil Pan Gasket Set</strong>, specifically designed for <strong>1955-58 Chrysler and Imperial models</strong>. Manufactured in the USA, this gasket set provides a perfect seal to prevent oil leaks, ensuring your engine runs smoothly for years to come.</p>\n<ul>\n<li><strong>Exact Fit</strong> for 1955-58 Chrysler all models, including 300, New Yorker, and Windsor, plus Imperial all models.</li>\n<li><strong>High-Quality Construction</strong> ensures durability and a long-lasting seal.</li>\n<li><strong>Made in the USA</strong> for guaranteed quality and reliability.</li>\n</ul>\n<p><strong>Technical Specifications:</strong></p>\n<ul>\n<li>SKU: LV8-823</li>\n<li>MPN: 22047E</li>\n<li>Product Type: Oil Pan Gasket Set</li>\n</ul>\n<p>Compatible with over 18 vintage Chrysler and Imperial vehicles, this gasket set is the ideal choice for car enthusiasts and professional mechanics alike. Don't compromise on quality – choose our Oil Pan Gasket Set for your restoration project or maintenance needs.</p>\n<p><a href='#'>Buy Now</a> to ensure your engine's peak performance with our premium Oil Pan Gasket Set!</p>""}"
task-11,,,,"1 validation error for ProductSEOOutput
meta_title
  String should have at most 60 characters [type=string_too_long, input_value='Oil Pan Gasket Set for V...fect Fit & Easy Install', input_type=str]
    For further information visit https://errors.pydantic.dev/2.10/v/string_too_long","{'meta_title': 'Oil Pan Gasket Set for Vintage V8s - Perfect Fit & Easy Install', 'meta_description': 'Seal your engine right with our Oil Pan Gasket Set. Fits select 1956-58 Plymouth, Dodge & DeSoto models. Durable, reliable, and ready to ship!', 'product_description': ""<h1>Ensure a Leak-Free Engine with Our Premium Oil Pan Gasket Set</h1>\n<p>Our high-quality Oil Pan Gasket Set is specifically designed to provide a perfect seal for your vintage vehicle's engine, ensuring a leak-free performance. Compatible with a range of classic 1956-58 Plymouth, Dodge, and DeSoto models, this gasket set is the ideal choice for restoring your vehicle's engine to its peak condition.</p>\n<ul>\n<li>Perfect fit for specific 1956 Plymouth 277 V8, 1957-58 Plymouth V8 models (excluding 1958 Fury with 350 engine), 1956-58 Dodge V8 Poly Engines, and 1957 DeSoto Firesweep.</li>\n<li>Excludes fitment for 270 V8 and HEMI engines, ensuring you get the correct part every time.</li>\n<li>SKU: LV8-824 and MPN: 22023 for easy identification and order.</li>\n<li>Designed for durability and reliability in sealing your engine.</li>\n</ul>\n<p><strong>Technical Specifications:</strong></p>\n<ul>\n<li>Product Type: Oil Pan Gasket Set</li>\n</ul>\n<p>Compatible with over 22 vintage vehicles including the 1956 Dodge Coronet, Custom, Lancer, Royal, Sierra, and more, this gasket set is the ideal solution for maintaining the integrity of your engine. Don't let engine leaks slow you down. <strong>Order your Oil Pan Gasket Set today and keep your classic running smoothly!</strong></p>""}"
task-12,Oil Pan Gasket Set for 1959-66 Plymouth & Dodge - LV8-825,Seal your engine right with our Oil Pan Gasket Set for 1959-66 Plymouth & Dodge cars. Perfect fit for selected V8 engines. SKU: LV8-825.,"<h2>Perfect Fit Oil Pan Gasket Set for Vintage Enthusiasts</h2>
<p>Revitalize your classic 1959-66 Plymouth or Dodge V8 engine with our premium Oil Pan Gasket Set. Designed specifically for a range of V8 engines, this set ensures a perfect seal to prevent oil leaks, enhancing your engine's longevity and performance.</p>
<ul>
<li>Custom-fit for 301, 303, 313, 318, or 326 cui V8 engines.</li>
<li>Excludes compatibility with any Big Block or 273 Small Block engines.</li>
<li>Includes everything needed for a complete and seamless installation.</li>
</ul>
<h3>Technical Specifications:</h3>
<ul>
<li>SKU: LV8-825</li>
<li>MPN: 22023Y</li>
<li>Product Type: Oil Pan Gasket Set</li>
</ul>
<h3>Vehicle Compatibility:</h3>
<p>Specifically designed for a wide range of vehicles, including 1959 Dodge Coronet, Custom Royal, Royal, Sierra, Plymouth Belvedere, and many more.</p>
<p><strong>Upgrade your classic car's engine today</strong> with our reliable Oil Pan Gasket Set and ensure your vehicle runs smoothly for years to come.</p>",,
task-13,Premium Valve Cover Gasket Set for Chrysler & Imperial,Get the best Valve Cover Gasket Set for Chrysler V8s '51-'58. Perfect fit for New Yorker & Imperial models. Made in USA. Enhance your engine's performance!,"<h2>Valve Cover Gasket Set for Vintage Chrysler & Imperial Models</h2>
<p>Ensure your classic car's engine is sealed to perfection with our high-quality Valve Cover Gasket Set. Designed specifically for 1951-58 Chrysler and Imperial V8 models, this gasket set offers an unparalleled fit and reliability. Manufactured in the USA, it's the ideal choice for restoring or maintaining your vehicle's engine health.</p>
<ul>
<li>Fits 1951-54 Chrysler all V8 models</li>
<li>Compatible with 1955-58 Chrysler New Yorker & 300 models</li>
<li>Perfect for 1951-58 Imperial all models</li>
<li>Made in the USA, ensuring top-notch quality and durability</li>
</ul>
<h3>Technical Specifications:</h3>
<ul>
<li>SKU: LV8-826</li>
<li>MPN: 20070E</li>
<li>Product Type: Valve Cover Gasket Set</li>
</ul>
<p>Don't compromise on your vehicle's performance. <strong>Order now</strong> to give your classic Chrysler or Imperial the care it deserves.</p>",,
task-14,Valve Cover Gasket Set for DeSoto V8 - Top Quality & Fit,Seal your engine to perfection with our Valve Cover Gasket Set. Designed for 1952-57 DeSoto V8 models. Exceptional durability and fit. Buy now!,"<p>Upgrade your engine's performance with our premium <strong>Valve Cover Gasket Set</strong>, specifically designed to provide a perfect seal for your 1952-57 DeSoto V8 models, excluding the 1957 Firesweep. At an affordable price of $24.5, this gasket set offers the reliability and durability you need to keep your engine running smoothly.</p>
<ul>
<li>Perfect fit for <em>1952-57 DeSoto all V8 models</em>, excluding 1957 Firesweep.</li>
<li>Made with high-quality materials for <strong>extended durability</strong> and <strong>optimal performance</strong>.</li>
</ul>
<p><strong>Specifications:</strong></p>
<ul>
<li>SKU: LV8-827</li>
<li>MPN: 19084E</li>
<li>Product Type: Valve Cover Gasket Set</li>
</ul>
<p>Compatible with a range of vehicles, including the 1952 to 1955 DeSoto Firedome and Fireflite models, among others. <strong>Don't let a leaky valve cover compromise your engine's performance.</strong> Invest in our Valve Cover Gasket Set today and experience peace of mind with a perfectly sealed engine.</p>
<p><a href='#buy-now'>Buy Now</a> to ensure your engine remains in top condition!</p>",,
task-15,Valve Cover Gasket Set for Vintage Dodge V8 - Made in USA,"Seal your engine right with our USA-made Valve Cover Gasket Set, perfect for 1953-58 Dodge V8s. High-quality, durable and precisely fits Hemi engines.","<h1>Valve Cover Gasket Set for Dodge V8 Engines</h1>
<p>Ensure a perfect seal for your vintage Dodge's engine with our high-quality Valve Cover Gasket Set. Designed specifically for 1953-58 Dodge V8 engines, including those mighty Hemis, this gasket set is the ultimate solution for preventing oil leaks and maintaining engine performance. Proudly made in the USA, it's engineered for durability and a precise fit.</p>
<ul>
<li>Fits 1953-54 Dodge cars V8 all models</li>
<li>Compatible with 1955-58 Dodge V8s, specifically designed for Hemi engines (does not fit Poly engine)</li>
<li>Manufactured in the USA, ensuring top-notch quality and reliability</li>
</ul>
<h2>Technical Specifications</h2>
<ul>
<li>SKU: LV8-828</li>
<li>MPN: 19021E</li>
<li>Product Type: Valve Cover Gasket Set</li>
<li>Vehicle Compatibility: 1953-58 Dodge Coronet, Meadowbrook, Royal, and more</li>
</ul>
<p><strong>Upgrade your vintage Dodge with a gasket set that stands the test of time. <a href='#'>Buy Now!</a></strong></p>",,
task-16,Valve Cover Gasket Set for 241-325 CUI - Premium Quality,"Seal your engine right with our Valve Cover Gasket Set, fitting multiple 1955-58 Dodge & Plymouth models. Made in USA for unmatched reliability.","<h2>Seal Your Engine with Confidence</h2>
<p>Keep your engine running smoothly with our high-quality Valve Cover Gasket Set, designed to fit a variety of classic vehicles. Perfect for your 1955 Plymouth V8, 1955 Dodge cars Poly V8, and more, this gasket set ensures a perfect seal to prevent oil leaks and protect your engine.</p>
<ul>
<li>Fits multiple classic vehicles including 1955 Plymouth V8 all, 1956 Plymouth 270 V8, and 1957-58 Dodge cars Poly V8.</li>
<li>Specifically does not fit HEMI engines, ensuring the perfect fit for compatible models.</li>
<li>Proudly made in the USA, guaranteeing quality and durability.</li>
</ul>
<h3>Technical Specifications:</h3>
<ul>
<li>SKU: LV8-829</li>
<li>MPN: 18012E</li>
<li>Product Type: Valve Cover Gasket Set</li>
</ul>
<p>Compatible with over 28 classic vehicles, this Valve Cover Gasket Set is the ideal choice for restoring your engine's performance and reliability.</p>
<p><strong>Don't wait to secure your engine's integrity. <a href='#'>Order now!</a></strong></p>",,
task-17,,,,"1 validation error for ProductSEOOutput
meta_title
  String should have at most 60 characters [type=string_too_long, input_value='Valve Cover Gasket Set f... - Fits Multiple Models', input_type=str]
    For further information visit https://errors.pydantic.dev/2.10/v/string_too_long","{'meta_title': 'Valve Cover Gasket Set for Classic Cars - Fits Multiple Models', 'meta_description': 'Seal your engine right with our premium Valve Cover Gasket Set, fitting a wide range of classic Plymouth and Dodge cars from 1956-1966.', 'product_description': '<h2>Ensure a Perfect Seal with Our Premium Valve Cover Gasket Set</h2>\n<p>Keep your classic car running smoothly with our top-quality Valve Cover Gasket Set. Designed to fit a wide variety of models, this gasket set ensures a perfect seal every time, preventing oil leaks and protecting your engine.</p>\n<ul>\n<li>Fits 1956 Plymouth 277, 1957-58 Plymouth all (except 1958 Fury with 350 engine), 1959-1966 Plymouth and Dodge cars with 318 all, 1959 Dodge Coronet with 326.</li>\n<li>Manufactured with precision for a direct fit.</li>\n<li>SKU: LV8-830; MPN: 20018E; Product Type: Valve Cover Gasket Set.</li>\n<li>Compatible with over 79 classic vehicles, including 1954 DeSoto Firedome, 1956 Plymouth Belvedere/Fury/Plaza/Savoy, and more.</li>\n</ul>\n<h3>Technical Specifications:</h3>\n<p>SKU: LV8-830<br>MPN: 20018E<br>Product Type: Valve Cover Gasket Set</p>\n<a href=""#"" style=""display:inline-block;background-color:#007bff;color:#ffffff;text-decoration:none;padding:10px 20px;border-radius:5px;"">Buy Now - $24.5</a>'}"
task-18,Valve Cover Gasket Set for Chrysler Windsor & Saratoga,High-quality Valve Cover Gasket Set for 1955-58 Chrysler Windsor & Saratoga. Made in USA. Perfect fit & durability. Buy now for better engine performance!,"<p>Ensure your engine's longevity and performance with our premium <strong>Valve Cover Gasket Set</strong>, specifically designed for the 1955-58 Chrysler Windsor and 1957-58 Chrysler Saratoga. Crafted with precision in the USA, this set offers the reliability and durability your vehicle deserves.</p>
<ul>
<li>Perfect fit for 1955-58 Chrysler Windsor and 1957-58 Chrysler Saratoga models</li>
<li>Enhances engine performance by preventing oil leaks</li>
<li>Manufactured in the USA for unmatched quality and durability</li>
</ul>
<p><strong>Specifications:</strong></p>
<ul>
<li>SKU: LV8-833</li>
<li>MPN: 20071E</li>
<li>Product Type: Valve Cover Gasket Set</li>
<li>Vehicle Compatibility: 1955-58 Chrysler Windsor, 1957-58 Chrysler Saratoga</li>
</ul>
<p><a href='#'>Buy now</a> to give your engine the protection it needs with our Valve Cover Gasket Set.</p>",,
task-19,,,,"1 validation error for ProductSEOOutput
meta_title
  String should have at most 60 characters [type=string_too_long, input_value='Valley Cover Gasket Set ...8 1951-54 | Made in USA', input_type=str]
    For further information visit https://errors.pydantic.dev/2.10/v/string_too_long","{'meta_title': 'Valley Cover Gasket Set for Chrysler V8 1951-54 | Made in USA', 'meta_description': 'Seal your engine with our Valley Cover Gasket Set for 1951-54 Chrysler V8 & Imperial models. Made in USA, ensures perfect fit & durability. Shop now!', 'product_description': ""<h2>Seal Your Engine with Confidence</h2>\n<p>Ensure a perfect seal for your engine's valley cover with our premium Valley Cover Gasket Set. Designed specifically for 1951-54 Chrysler V8 and Imperial models, this gasket set is the ideal choice for your classic car restoration or maintenance needs.</p>\n<ul>\n<li>Includes both gaskets for a complete replacement.</li>\n<li>Fits 1951-54 Chrysler V8 models and all Imperial models.</li>\n<li>Proudly made in the USA, guaranteeing quality and fitment.</li>\n</ul>\n<h3>Technical Specifications</h3>\n<ul>\n<li>SKU: LV8-834</li>\n<li>MPN: 18089E</li>\n<li>Product Type: Valley Cover Gasket Set</li>\n</ul>\n<p>Compatible with a wide range of vehicles, including 1951 Chrysler Imperial, New Yorker, Saratoga, and more. Ensure your classic car runs smoothly with this essential engine component.</p>\n<a href='#' style='color:#337ab7; text-decoration:none; font-weight:bold;'>Add to Cart</a> to give your engine the protection it deserves.""}"
task-20,,,,"1 validation error for ProductSEOOutput
meta_title
  String should have at most 60 characters [type=string_too_long, input_value='Valley Cover Gasket Set ... High Quality & Durable', input_type=str]
    For further information visit https://errors.pydantic.dev/2.10/v/string_too_long","{'meta_title': 'Valley Cover Gasket Set for DeSoto V8 - High Quality & Durable', 'meta_description': 'Upgrade your engine with our Valley Cover Gasket Set, fitting 1952-57 DeSoto V8 models. Made in USA, ensures peak performance and reliability.', 'product_description': '<h2>Optimize Your Engine\'s Performance with Our Valley Cover Gasket Set</h2>\n<p>Ensure your engine runs smoothly and efficiently with our premium Valley Cover Gasket Set, specifically designed for 1952-57 DeSoto V8 models (except 1957 Firesweep). Made in the USA, this set offers unmatched durability and reliability, keeping your engine sealed and protected.</p>\n<ul>\n<li>Includes both push rod or valley pan cover gaskets.</li>\n<li>Perfect fit for 1952-57 DeSoto all V8 models EXCEPT 1957 Firesweep.</li>\n<li>High-quality manufacturing in the USA ensures durability.</li>\n</ul>\n<h3>Technical Specifications:</h3>\n<ul>\n<li>SKU: LV8-835</li>\n<li>MPN: 18091E</li>\n<li>Product Type: Valley Cover Gasket Set</li>\n</ul>\n<p>Compatible with a wide range of vehicles, including 1952 to 1955 DeSoto Firedome and Fireflite, among others.</p>\n<a href=""#"" style=""background-color:#008cba; color:white; padding:10px 20px; text-decoration:none; border-radius:5px;"">Buy Now - Only $18.5</a>'}"
task-21,Premium Valley Cover Gasket for Classic V8 Engines | $14.5,"Enhance your engine's performance with our Valley Cover Gasket. Perfect fit for specific vintage Dodge, Plymouth, and DeSoto models. Made in the USA.","<h2>Optimize Your Engine's Performance with Our Valley Cover Gasket</h2>
<p>Ensure your classic V8 engine runs smoothly with our high-quality Valley Cover Gasket. Designed specifically for vintage vehicles, this gasket provides a secure seal to prevent oil leaks and protect your engine's internal components. Crafted with precision in the USA, it's the perfect choice for restoring or maintaining your classic car.</p>
<ul>
<li>Perfect fit for 1955 Plymouth all V8, 1956 Plymouth 270, 1953-58 Dodge cars all V8, and 1957 DeSoto Firesweep models.</li>
<li>Excludes compatibility with 1956 Plymouth 277 and other DeSoto models.</li>
<li>Made in the USA, ensuring premium quality and durability.</li>
</ul>
<h3>Technical Specifications</h3>
<ul>
<li>SKU: LV8-836</li>
<li>MPN: 16017E</li>
<li>Product Type: Valley Cover Gasket</li>
<li>Vehicle Compatibility: Includes 1955 Dodge Coronet, Custom, Lancer, Royal, Plymouth Belvedere, and 24 more classic vehicles.</li>
</ul>
<p><strong>Don't let oil leaks and engine problems hold you back. Order your Valley Cover Gasket today and keep your classic car running like new!</strong></p>",,
task-22,Valley Cover Gasket for Chrysler & Imperial 1955-58,"High-quality Valley Cover Gasket for Chrysler & Imperial 1955-58 models. Made in USA, perfect fit for engine protection. Shop now for durability!","<p>Ensure your engine's longevity and performance with our premium <strong>Valley Cover Gasket</strong>, specifically designed for Chrysler and Imperial models from 1955 to 1958. Made in the USA, this gasket guarantees a perfect seal to protect your engine.</p>
<ul>
<li>Direct fit for <strong>1955-58 Chrysler and Imperial</strong> models</li>
<li><strong>Made in the USA</strong> - Quality you can trust</li>
<li>Fits a wide range of models including <strong>Chrysler 300, Imperial, New Yorker, and Windsor</strong></li>
</ul>
<p><strong>Specifications:</strong></p>
<ul>
<li>SKU: LV8-837</li>
<li>MPN: 18089EX</li>
<li>Product Type: Valley Cover Gasket</li>
</ul>
<p><a href='#'>Buy Now</a> to enhance your engine's protection and performance with our Valley Cover Gasket. Perfect fit and superior durability for your classic vehicle.</p>",,
task-23,Intake Manifold Gasket Set for Chrysler/Imperial 1951-58,"Upgrade your engine with a USA-made Intake Manifold Gasket Set, perfect for Chrysler & Imperial V8 models 1951-58. Ensure peak performance today!","<h2>Optimize Your Engine's Performance</h2>
<p>Ensure your vintage Chrysler or Imperial runs like new with our premium Intake Manifold Gasket Set. Designed specifically for V8 models from 1951-58, this gasket set is an essential upgrade for your classic car. Made in the USA, it guarantees quality and durability.</p>
<ul>
<li>Direct fit for 1951-58 Chrysler and Imperial all V8 models</li>
<li>Made in the USA - premium quality and precision</li>
<li>Comprehensive set for a complete replacement</li>
</ul>
<h3>Technical Specifications:</h3>
<ul>
<li>SKU: LV8-839</li>
<li>MPN: 17061E</li>
<li>Product Type: Intake Manifold Gasket Set</li>
</ul>
<p>Compatible with a wide range of vehicles, including the 1951 to 1958 Chrysler Imperial, New Yorker, and Saratoga, among others. Perfect for restorers and enthusiasts looking to maintain or enhance their vehicle's engine performance.</p>
<a href=""#"">Buy Now</a> - Don't miss out on this essential engine component!",,
task-24,Intake Manifold Gasket Set for 1952-57 DeSoto V8 - $21.5,"Upgrade your DeSoto V8 with our USA-made Intake Manifold Gasket Set. Perfect fit for 1952-57 models, ensuring peak performance. Shop now!","<h2>Enhance Your Engine's Performance</h2>
<p>Revitalize your classic DeSoto V8's engine with our premium Intake Manifold Gasket Set. Designed specifically for 1952-57 DeSoto models, this gasket set ensures a perfect seal to maintain engine efficiency and performance. Proudly made in the USA, it's the ideal choice for restoring your vintage vehicle to its former glory.</p>
<ul>
<li>Fits 1952-57 DeSoto all V8 models, excluding the 1957 Firesweep.</li>
<li>Made with precision in the USA for unmatched quality and fitment.</li>
</ul>
<h3>Specifications:</h3>
<ul>
<li>SKU: LV8-840</li>
<li>MPN: 16085E</li>
<li>Product Type: Intake Manifold Gasket Set</li>
<li>Price: $21.5</li>
</ul>
<h3>Vehicle Compatibility:</h3>
<p>Designed for a wide range of DeSoto models, including 1952-55 Firedome, 1955 Fireflite, and more, ensuring a wide compatibility.</p>
<p><strong>Don't miss out on restoring your classic DeSoto with this essential component. <a href='#'>Order now</a> to take the first step towards peak engine performance!</strong></p>",,
task-25,,,,"1 validation error for ProductSEOOutput
meta_title
  String should have at most 60 characters [type=string_too_long, input_value='Main Bearing Set for Cla... - Fits Multiple Models', input_type=str]
    For further information visit https://errors.pydantic.dev/2.10/v/string_too_long","{'meta_title': 'Main Bearing Set for Classic V8 Engines - Fits Multiple Models', 'meta_description': 'Essential for engine rebuilds, this Main Bearing Set fits select 1959-73 V8s. Perfect for Chrysler classics. Ensure your engine runs smoothly.', 'product_description': ""<h1>Main Bearing Set for Vintage V8 Engines</h1>\n<p>Revitalize your classic vehicle's engine with our premium Main Bearing Set, specifically designed to fit a wide range of vintage V8 engines. Whether you're restoring a 1959 Chrysler or fine-tuning a 1973 muscle car, this bearing set ensures your engine operates at peak performance.</p>\n<ul>\n<li>Fits 1959-60 383 cui, 1959-73 413 cui, 1966-73 440 cui, and 1963-65 426 Wedge V8 engines.</li>\n<li>Expertly engineered for compatibility with a vast array of classic vehicles.</li>\n<li>SKU: LV8-920, ensuring you receive the exact main bearing set designed for your engine type.</li>\n<li>Product Type: Main Bearing Set, tailored for engine longevity and performance.</li>\n</ul>\n<p>Compatibility spans over 170 classic vehicles, including the 1959 Chrysler 300, Imperial, New Yorker, Saratoga, and Windsor, among others.</p>\n<p><strong>Don't let engine issues hold you back. Order now and give your classic car the performance it deserves.</strong></p>""}"
